-- --------------------------------------------------------
-- Хост:                         127.0.0.1
-- Server version:               10.1.13-MariaDB - mariadb.org binary distribution
-- Server OS:                    Win32
-- HeidiSQL Версия:              9.3.0.4984
-- --------------------------------------------------------

/*!40101 SET @OLD_CHARACTER_SET_CLIENT=@@CHARACTER_SET_CLIENT */;
/*!40101 SET NAMES utf8mb4 */;
/*!40014 SET @OLD_FOREIGN_KEY_CHECKS=@@FOREIGN_KEY_CHECKS, FOREIGN_KEY_CHECKS=0 */;
/*!40101 SET @OLD_SQL_MODE=@@SQL_MODE, SQL_MODE='NO_AUTO_VALUE_ON_ZERO' */;

-- Dumping database structure for traveldb
CREATE DATABASE IF NOT EXISTS `traveldb` /*!40100 DEFAULT CHARACTER SET utf8 COLLATE utf8_unicode_ci */;
USE `traveldb`;


-- Dumping structure for table traveldb.destinations
CREATE TABLE IF NOT EXISTS `destinations` (
  `id` int(11) NOT NULL AUTO_INCREMENT,
  `name` varchar(240) NOT NULL,
  `longitude` decimal(17,15) NOT NULL,
  `latitude` decimal(17,15) NOT NULL,
  `timeopen` varchar(240) NOT NULL,
  `history` longtext NOT NULL,
  `interestingfacts` longtext,
  `info` longtext NOT NULL,
  `mainphoto_id` int(11) DEFAULT NULL,
  PRIMARY KEY (`id`),
  UNIQUE KEY `uq_destination` (`longitude`,`latitude`),
  KEY `fk_mainphoto_id` (`mainphoto_id`)
) ENGINE=InnoDB AUTO_INCREMENT=35 DEFAULT CHARSET=utf8;

-- Dumping data for table traveldb.destinations: ~30 rows (approximately)
/*!40000 ALTER TABLE `destinations` DISABLE KEYS */;
INSERT INTO `destinations` (`id`, `name`, `longitude`, `latitude`, `timeopen`, `history`, `interestingfacts`, `info`, `mainphoto_id`) VALUES
	(1, 'Къща-музей "Никола Вапцаров"', 23.486621700000000, 41.837609200000000, '9-18h', 'Къщата функционира като музей от 1952 г., когато се поставя и началото на музейното дело в Банско. В музея по указания на майката на поета Елена Вапцарова е възстановена домашната обстановка от времето на неговото детство. На следната 1953 година приземният етаж на сградата е реконструиран като музейна зала, разширена пред 1969 г. Музеят е реконструиран през 1979 и 1989 - 1991 година.', 'Музеят има три функционални части – видеозала в две помещения, където е изложено родословното му дърво, автентична етнографска експозиция за целия му живот от раждането до смъртта и отделна видеозала – поезията на Вапцаров. Тук са изложени и копия от негови ръкописи, първите публикации на неговите стихове, събрани по-късно в отделна стихосбирка. Във витрина се пазят костюмът, ризата и часовникът, носени от поета преди разстрела. Във фонда на музея има около 3000 експоната.', 'Къщата-музей „Никола Вапцаров“ в Банско е родният дом на Никола Вапцаров (1909 – 1942), който е сред най-популярните български поети на XX век. Тя сред първите музеи в Пиринския край. Намира се на централния площад на града.', 1),
	(2, 'връх Вихрен', 23.390134000000000, 41.767221300000000, '9-17h', 'Гледан от Банско Вихрен прилича на пресечена пирамида, а от юг – на четиристенна пирамида. За този връх е характерно, че изглежда по много различен начин от различните посоки. Скалите, които изграждат Вихрен, са мрамори, които не задържат вода, поради което в целия район на върха няма реки и езера. Най-близките езера са Влахините на югозапад. Растителността по склоновете на Вихрен е бедна – трева и лишеи, докато животинският свят е по-богат – има птици, дребни гризачи, но най-вече диви кози, които обитават Казаните в подножието на върха. Цветето еделвайс се среща в изобилие по скалния ръб Джамджиеви скали.', 'От страната на хижа „Вихрен“ върхът представлява стръмен купол, по който се качва основната пътека, известна като „Царската пътека“. Тя стига до Кабата и оттам атакува самата пирамида.', 'Вихрен (до 29 юни 1942 г. Елтепе, Ел-тепе) е най-високият връх на Пирин. Със своите 2914 метра Вихрен е втори по височина в България след Мусала (2925,4) в Рила и трети на Балканския полуостров след Митикас (2917) в Олимп (Гърция).', 3),
	(3, '"Св. св. Т. Тирон и Т. Стратилат"', 23.475005300000000, 41.970058000000000, '9-18h', 'Живописната украса на храма, която покрива всички вътрешни стени и западната фасада, е от 1614 година. Подпис на зографите няма, но те са от школата на Пимен Зографски. На западната стена на южния кораб е ктиторският портрет с шест лица - най-богатият в българското изкуство от цялата османска епоха. Имената на дарителите са в поменик на северната страна на протезиса. В средния кораб са Великите празници,[1] а в страничните - Страстите Христови, сцени от следпасхалния цикъл, Божествена литургия и старозаветни сцени. В свода на централния кораб са четири изображения на Христос - От Възнесението, Емануил, Вседържител, Ангел от Великия Съвет, както и Богородица Ширшая небес. Сред останалите светци са Прохор Пчински, Йоаким Сарандапорски, Гавриил Лесновски, Никола Нови Софийски, Наум Охридски. Патронните светци са на западната фасада, в широка арка над вратата. В две арки встрани са Свети Димитър и Свети Георги на коне. Под тях са Свети Йоан Рилски и Света Петка Българска, но изображенията им са повредени. Надписите са на църковнославянски. Стенописите са реставрирани в периода 1973 – 1978 г. от реставратора Петър Попов и архитект Златка Кирова.', 'Ктиторският надпис в храма гласи, че ктиторът Хасия Богданов, след като посетил Йерусалим, се върнал в селото и построил храма в 1613 - 1614 година.\r\nАрхитектурата на храма е повлияна от църковната архитектура в Мелнишко и Егейска Македония. Църквата е с малки размери - 8,37 m дължина, 6,5 m широчина, 5,2 m височина. В архитектурно отношение храмът е трикорабна базилика. Входът е от запад. Апсидата на изток е полуцилиндрична и не излиза отвън. В нея има три малки прозореца - два на южната и един на северната страна. Три малки кръгли прозореца има и горе на източната стена.', '"Св. св. Теодор Тирон и Теодор Стратилат" е православна църква от 1614 година, разположена в разложкото село Добърско, България. Църквата, в която има запазени изключително ценни стенописи, е национален паметник на културата.', 5),
	(4, 'Кордопулова къща', 23.396101900000000, 41.523165200000000, '9-18h', 'Последният прочут представител на фамилията е Манолис Кордопулос, завършил винопроизводство във Франция, модернизирал отрасъла в Мелник. Той дава убежище на Яне Сандански в дома си в годините преди Балканската война. Убит е от напускащите града турци през 1912 г., в момента в който четата на Яне Сандански влиза в града. Собственик на къщата става Агнеса, която е била или прислужница, или сестра на Кордопулос. Омъжва се за Георги Цинцара, но нямат деца. Осиновяват племенника си Гавраил, който е бащата на Никола Паспалев, сегашният стопанин на Кордопуловата къща. През 1974-1980 къщата е реставрирана от арх. Георги Лабов. Днес тя е частен музей и се посещава от 30 000 туристи годишно.', 'В къщата, която според някои източници е втора по големина в страната, е изложена мелнишка изба, като тя е издълбана в скалата и така е оформен 150-метров (според друг източник 80-метров) тунел. В избите могат да се поберат 300 тона вино, като най-голямата бъчва побира 12,5 тона. Според Богдан Филов, посетил къщата през лятото на 1916 година, най-голямата бъчва в избата е събирала 240 товара грозде (по 100 оки) или около 30,7 тона.[2] Коридорите са сравнително тесни и на места ниски. Избата разполага със специални канали и вентилационна система.\r\nДва от четирите етажа на постройката са изградени от камък. Седем вътрешни стълбища свързват различните етажи и мансарди. В залата влиза светлина през 24-те прозорци, подредени в две редици. Горната редица е от цветно венецианско стъкло, което пропуска меко светлината, падаща върху изрисуваните стени, дърворезби и долапи. Дървените етажи са покрити с пъстри черги. Покрай три стени има места за сядане под еркерните прозорци.\r\nПредполага се, че Кордопуловата къща и митрополитската църква „Свети Николай“ са построени от един и същ майстор.', 'Кордопуловата къща в Мелник, наричана още Цинцаровата къща, е построена през 1754 година.\r\nТя е най-голямата възрожденска къща на Балканския полуостров, която е запазена до днес. Построена е специално за производство, съхранение и търговия на вино и е принадлежала на богатата гръцка фамилия на търговци Кордопулос.', 9),
	(5, 'местността "Рупите"', 23.234107900000000, 41.443983000000000, '9-18h', 'През 19 век селото е чисто българско, числящо се към Петричка каза. В "Етнография на вилаетите Адрианопол, Монастир и Салоника", издадена в Константинопол в 1878 година и отразяваща статистиката на мъжкото население от 1873, Ширбан (Chirban) е посочено като село с 40 домакинства, като жителите му са 142 българи. През 1889-1892 година на мястото на по-стара църква е построена църквата "Успение Богородично", чийто иконостас е дело на резбаря Йосиф Йосифов от село Каракьой, Неврокопско. Църквата е изписана от Милош Яковлев, най-верояно починал, докато работи по стенописите, тъй като църквата остава изписана частично.', 'В землището на селото се намира известната местност Рупите, където в последните години от живота си живееше ясновидката Ванга. Тук през 1994 година, финансиран от самата Ванга и по проект на архитектите Богдан Томалевски и Лозан Лозанов, е построен храмът „Св. Петка Българска“ в близост до къщичката, в която тя е живяла. Предсмъртното желание на Ванга е било тя да бъде погребана в двора на къщичката си, за да може хората да черпят сили от гроба ѝ, и въпреки че вече не е сред нас, тя пак да може да помага. Но от фондация „Ванга“ решиха да не уважат това нейно желание и тя бе погребана до храма „Св. Петка Българска“. Местността Рупите е разположена в подножието на хълма Кожух. Преди стотици години Кожух е бил вулкан. Чудотворните земи са резултат от изригването на този вулкан. Известна е с редки дървесни и животински видове, някои от които са включени в Червената книга на България. Има целебни минерални извори и басейни. Орнитологична станция е занимава с движението на мигриращите птици. За това късче земя прочутата баба Ванга казва, че е наситено с особена енергия. Местността Рупите, заедно с храм-паметник „Света Петка Българска“, е част от Стоте национални туристически обекта на Българския туристически съюз.', 'Село Рупите е разположено в Петричко-Санданската котловина. Отстои на около 8 километра северно от общинския център Петрич. В източното подножие на възвишението в землището на селото е разположена известната местност "Рупите".', 11),
	(6, 'Самуилова крепост', 23.028708700000000, 41.394503200000000, '9-18h', 'Национален парк-музей „Самуилова крепост“  тържествено е открит на 23 октомври 1982 година. Останките от средновековното укрепление и селище са консервирани, а районът около него е благоустроен. От паркинга до международния път Петрич – ГКПП „Златарево“ към парка-музей покрай брега на реката води красива алея. Тя минава по пешеходен мост и се отправя към подножието на хълма. Отдалеч се вижда величествената бронзовата фигура на цар Самуил в цял ръст и четирите бетонни пилона, изградени в най-високата част на хълма, върху руините от средновековната кула. Автор на паметника е професор Борис Гондов. Крепостта е важен туристически обект в Югозападна България. От 2003 година тя е включена в списъка от 100 национални туристически обекта на БТС.', 'В съчиненията на византийските хронисти от ΧΙ век Йоан Скилица, Георги Кедрин, Йоан Зонара, Кекавмен и други се известява за преграждането на Ключката клисура (на гръцки: Κλειδίον, Клидион) с широка преградна стена – дема. Археологическите изследвания сочат, че демата представлява сложна система от отбранителни съоръжения, които започват от склоновете на Беласица, южно от село Ключ и опират на север в слоновете на Огражден. Укрепителните съоръжения се простират в протежение на повече от 8 километра. Самата крепост, известна по-късно като Самуилова крепост, е само част от тази фортификационна система.', 'Самуилова крепост e името на средновековна крепост, разположена между планините Беласица и Огражден в Ключката клисура. Намира се на невисокия хълм Куфалница, разположен на десния бряг на река Струмешница, на 5 километра северно от село Ключ.', 13),
	(7, 'Археологически музей', 27.690576700000000, 42.421816100000000, '9-17h', 'Днешен Созопол е включен под номер 8 в инициативата Стоте национални туристически обекта. От 1992 г. директор на музея е Димитър Недев. Сбирката му се развива в две насоки – археология (V хилядолетие пр.н.е.–XVII в.) и християнско изкуство (XVII-ХІХ век).\r\nПрез 1961 г. Светият синод предоставя сградата на храма Св. Св. Кирил и Методий за създаване на археологически музей, в който да се съхраняват непрекъснато откриваните артефакти от миналото на Созополския край. Днес музеят се намира в сградата на читалището в старата част на града.', 'Най-забележителни са колекциите от каменни и оловни котви и щикове – ІІ-І хил. пр.н.е., древногръцки рисувани вази – VІ-V в. пр.н.е. и антични и средновековни амфори – VІ в. пр.н.е.-ХІV в.\r\nВ Археологическия музей може да бъде видяно алабастровото ковчеже, в което векове са били съхранявани мощите на св. Йоан Предтеча и малката кутийка с надпис на гръцки език, която разказва за пътя на мощите до остров "Свети Иван".', 'Археологическият музей в Созопол е разположен в старата част на града. Представя археологията, историята и културните традиции на над 2500-годишния град – от края на VІ хил. пр.н.е. до ХVІІ век. Созопол през античността е бил първата известна гръцка колония - Аполония.', 16),
	(8, 'Варненски археологически музей', 27.912353800000000, 43.207047500000000, '9-17h', 'Варненският археологически музей е създаден от Варненското археологическо дружество по инициатива на Карел и Херман Шкорпил. Първата експозиция е открита на 11 юни 1906 г. в сградата на Девическата гимназия, в която музеят се помещава и днес. Негов пръв директор става Карел Шкорпил, който остава на този пост до смъртта си през 1944 г.\r\nПрез 1945 г. Варненският археологически музей е национализиран, а през 1952 г. е преместен в самостоятелна сграда – дотогавашно училище на улица „Шейново“ №5. През 1983 г. той е върнат в първоначалната си сграда.', 'В музея се съхранява откритото през 1972 г. край Варна най-старо злато в света: Варненското енеолитно съкровище, датирано към 4200 – 4600 г. пр. Хр. То се състои от накити и гривни, предимно ковани или отлети. В сплавите златото е с чистота от 13 до 23 карата, с общо тегло около 6 kg. Охранява се по специален режим.\r\nМузеят се помещава в старата сграда на Девическата гимназия във Варна на булевард „Мария Луиза“ №41. Тя е построена през 1892 – 1898 г. по проект на архитект Петко Момчилов. \r\nСградата е в неоренесансов стил, на два етажа и с голям вътрешен двор. Музеят разполага с хранилища, библиотека, Учебен детски музей и изложбена площ от 2150 m2.', 'Варненският археологически музей е историческият и археологически музей в град Варна. Основан е през 1887 г. от братята Карел и Херман Шкорпил.', 17),
	(9, 'крепостта "Царевец"', 25.649855900000000, 43.083781200000000, '9-18h', 'Най-ранните следи от живот на хълм Царевец датират от късния халколит (4200 г. пр. Хр.).\r\nХълмът е обитаван и през бронзовата епоха и желязната епоха. Открити са останки от жилища и керамика от Халщатската култура (XIII-V в. пр. н.е.) и от по-късната латенска култура (V-I в. пр.н.е.)[1]. Разкритото под развалините на средновековната българска столица тракийско селище е съществувало през цялото I хил. пр.н.е. Интензивният живот върху хълма в следващите хилядолетия и особено през средновековието почти изцяло е унищожил следите от него. Само малки участъци са оцелели под по-късните постройки. Те произхождат от два разположени непосредствено един над друг жилищни хоризонта, от периода IV – II в. пр.н.е. Намиращите се в тях жилища и огнища са типични за тракийската култура, а също керамиката и други материали. Присъствието на латенски материали в един безспорно тракийски контекст позволява още веднъж да се подчертае, че латенските елементи не бива да се свързват с присъствието на келти на Царевец. Те са само още едно доказателство за насоките и силата на латенското влияние върху тракийската култура през IV – I в. пр.н.е. в този район.', 'Разположена е в близост до стария град на Велико Търново. Тя е била главната българска крепост по време на Второто българско царство (1185 – 1393), когато Търново е столица на царството. През Средновековието хълмът, на който се намира, е изцяло застроен с жилищни и административни постройки.', 'Разположена е в близост до стария град на Велико Търново. Тя е била главната българска крепост по време на Второто българско царство (1185 – 1393), когато Търново е столица на царството.', 19),
	(10, 'пещера "Магурата"', 22.580717600000000, 43.728031400000000, '9-18h', 'Образувана е от карстови процеси в дебелослойни долнокредитни сивобели варовици. Тя е една от най-големите български пещери. Изходът ѝ се нарича Вратача. Някои зали имат колосални размери. Отделни зали са Триумфална зала, Полето, Хармана, Прилепна галерия, Стрелбището, Галерията с рисунките, Зловеща галерия, Слънчева зала, Зала на сталактоните, Зала на падналия бор, Зала на тополата, Тронна зала. Всички зали са свързани чрез галерии и пещерни тунели, има много сталактити, сталагмити и сталактони, а в Триумфална зала има малко езеро. В Магурата има постоянна температура от 12 °C. Общата дължина на галериите ѝ е 2500 m.\r\nВ пещерата са открити кости от пещерна мечка, пещерна хиена и др. По стените могат да се видят рисунки от няколко исторически епохи. Най-ранните рисунки са от времето на късния палеолит, като има и от времето на неолита; най-новите са от бронзовата епоха и са рисувани между 3000 и 1200 г. пр.н.е. Рисунките изобразяват предимно ловни сцени.', 'Магурата е най-значимата за прилепите пещера в цяла Северозападна България. Целогодишно се обитава от общо 8 вида, всички приоритетни за опазване в цяла Европа:\r\n1. Голям подковонос (Rhinolophus ferrumequinum)\r\n2. Малък подковонос (Rhinolophus hipposideros)\r\n3. Южен подковонос (Rhinolophus euryale)\r\n4. Трицветен нощник (Myotis emarginatus)\r\n5. Голям нощник (Myotis myotis)\r\n6. Остроух нощник (Myotis blythii)\r\n7. Дългопръст нощник (Myotis capaccinii)\r\n8. Дългоух/Бехщайнов нощник (Myotis bechsteinii)\r\nСрещащите се в пещерата дългопръст нощник и южен подковонос са включени в Световния червен списък. Освен над 2000 зимуващи прилепи от няколко вида, тук през зимата е регистрирана и колония от над 450 малки подковоноса – рекорден брой за страната. На горния етаж над Концертна зала (недостъпен без използване на спелео-техники) се намира хоризонтална, суха галерия, където се размножават големи летни колонии от няколко вида.', 'Магурата (от 1942 г. до 24 октомври 1972 г. Рабишка пещера) е пещера в Западен Предбалкан, област Видин, България.\r\nРазположена е на около 18 km северозападно от град Белоградчик и на около 1,5 кm северозападно от село Рабиша.', 21),
	(11, 'Белоградчишки скали', 22.675626300000000, 43.623196700000000, '9-18h', 'Белоградчишките скали са главната туристическа дестинация в Северозападна България заедно с: град Белоградчик, Белоградчишката крепост, която използва част от скалите като естествена защита, и пещерата Магурата, разположена близо до село Рабиша. Друга туристическа атракция в района е средновековната крепост Баба Вида в близост до град Видин на река Дунав.', 'Много фантастични скални фигури и малки долини със стръмни вертикални склонове са се оформяли в продължение на стотици милиони години в резултат на ерозия, денудация, растеж на мъхове и лишеи и други природни фактори.', 'Белоградчишките скали са скални фигури, високи до 200 m, разположени в Западния Предбалкан, близо до град Белоградчик. Скалите варират в цветове от чисто червено до жълто. Много от скалите имат фантастични форми и са включени в интересни легенди. ', 23),
	(12, 'пещера "Леденика"', 23.491510300000000, 43.204423300000000, '9-18h', 'Пещерата е била известна още по времето на османското владичество. Овчарите са я използвали, за да съхраняват вътре овчето мляко.\r\nВходът на пещерата е разположен в най-ниската част на Леденишкия увал при надморска височина 830 метра. Температурата се променя от –7°С до 15°С в преддверието и до 8°С във вътрешността. Влажността на въздуха е 92%. Има множество галерии и интересни карстови форми – сталактити, сталагмити и сталактони, формирани в продължение на хиляди години. Дълга е около 320 m и има десет зали. Първата зала е „Преддверието“ (най-ниската част на пещерата), в която се издига огромна ледена колона с диаметър близо 21 метра. През зимата и пролетта в тази зала се формират ледени образувания (сталактити, сталагмити, сталактони), откъдето идва името на пещерата. Следват няколко метра, през които човек трябва да се движи ниско наведен – проходът „Плъзнята“. През него се достига до „Малката зала“, която има почти кръгла форма. След още едно стеснение, през пещерния коридор Комата, се достига Голямата (Концертна) зала, която е много богата на образувания. Някои от тях са наречени с различни имена заради интересната им форма – Крокодила, Главата на великана, Сокола, Дядо Коледа, Къщичката на баба Яга и много други. Под „Концертната зала“ се намира още една – „Хладилника“. В минали времена хората са я ползвали за съхраняване на бубено семе. Отклонявайки се вдясно от Концертната зала, се стига до малко синтрово езеро с дълбочина 0,50 m, за което има легенда, че водата му е „вълшебна“ и изпълнява желанието на всеки, който потопи ръката си в него.', 'Пещера Леденика е само една от над 500-те пещери, убежища на прилепи, известни във Врачанския Балкан. Поради ниската температура, тя се използва предимно за зимуване. Чрез преки наблюдения и улови с мрежи в пещерата са регистрирани 4 вида прилепи:\r\n1. Голям подковонос (Rhinolophus ferrumequinum)\r\n2. Малък подковонос (Rhinolophus hipposideros)\r\n3. Мустакат нощник (Myotis mystacinus)\r\n4. Полунощен прилеп (Eptesicus serotinus)', '"Леденика" е името на пещера в Стара планина, община Враца, България. Пещерата получава името Леденика заради ледените сталагмити, сталактити и сталактони, които се образуват в нея през зимата близо до входа.', 25),
	(13, 'Рилски манастир', 23.337932800000000, 42.133383800000000, '9-18h', 'Сегашният манастир се намира в близост до село Пастра – недалеч от мястото на първоначалното му изграждане. Покрай него тече Рилска река. Това е най-големият манастир в България – 5 етажа, като видими са 4 от тях. Тази особеност на сградата се обяснява с ограниченията, наложени от османската власт през 1834 г., когато са строени сегашните сгради. В партерния етаж се разполага музеят.\r\nМанастирът „Свети Иван Рилски“ е построен на мястото на стара постница през 927 – 941 г. от Иван Рилски (според някои автори – от неговите ученици) в Рила планина. В двора на днешния манастир през 1335 г. е издигната отбранителна кула и малка еднокорабна черква от местния феодален владетел протосеваст Хрельо. Кулата е най-старата запазена сграда в манастирския комплекс и по стил принадлежи към архитектурата на Търновската художествена школа. На върха на кулата се намира параклисът „Свето Преображение“ с ценни фрески от 30-те години на 14 век.\r\nЦар Иван Шишман (1371 – 1393 г.) издава на 21 септември 1378 г. Рилската грамота, подписана и подпечатана със златен печат, с която дава на манастира като феодални владения 20 села, заедно със землищата им.', 'Рилският манастир е сред Стоте национални туристически обекта на БТС. Открит е за посещения от 8 до 18 ч. всеки ден, печатът се намира в музея на манастира. Правенето на снимки в църквата и музея на манастира е забранено. Разрешено е снимането в двора на манастира.', 'Рилският манастир е ставропигиален манастир, намиращ се в Югозападна България, област Кюстендил, община Рила. Основан е през Х век от св. Иван Рилски, в горното течение на Рилска река.\r\nРилският манастир е един от най-значимите културни паметници в България, символ на България, включен в списъка за световното наследство на ЮНЕСКО.', 28),
	(14, 'Седемте Рилски езера', 23.311245200000000, 42.202777100000000, '9-18h', 'Легендата за седемте рилски езера разказва, че преди хиляди години, когато на земята още нямало хора, в планината Рила живеели двама великани – мъж и жена. Те се обичали безумно и боготворели красотата и уюта на своя дом.\r\nДомът им бил толкова привлекателен, слънчев, топъл и уютен, че нямало как да не очарова всяко живо същество, а на любовта им се радвали всички стихии и целият свят.', 'Името на всяко от седемте рилски езера отразява някоя особеност на съответното езеро. Езерото, което е разположено на най-голяма надморска височина, носи името Сълзата заради прозрачността на водите. Следващо по височина на разположение е Окото (наричано още Сърцето), което е с приблизително овална форма. Окото е най-дълбокото циркусно езеро в България – дълбочината му е 37,5 m. Бъбрека е езерото с най-стръмните брегове от цялата група. Четвъртото езеро е Близнака; то е най-голямото по площ от седемте. Езерото Трилистника е с неправилна форма и невисоки брегове. Най-плитко е Рибното езеро; на североизточния му бряг се намира хижата „Седемте езера“. Най-ниско разположено е Долното езеро, от което води началото си река Джерман.', 'Седемте рилски езера е група езера с ледников произход, разположена в планината Рила. Това е най-посещаваната от туристи езерна група в България и е един от стоте национални туристически обекта.', 29),
	(15, 'Къкринското ханче', 24.882301800000000, 43.124437600000000, '9-18h', 'В него отсяда Васил Левски и е заловен от турски полицаи (заптиета) сутринта на 27 декември 1872 г.\r\nОт съществуващите писмени документи е известно, че по внушение на Васил Левски ханчето в с. Къкрина е наето от Ловчанския частен революционен комитет. За ханджия е определен Христо Цонев–Латинеца, местен човек, преселен в Ловеч и съратник на Васил Левски. Ханчето е включено в комитетската мрежа и тук намират подслон хора на Вътрешната революционна организация.\r\nТук са заловени от Ловешката турска полиция Васил Левски и двамата му придружители Никола Цвятков и Христо Цонев Латинеца. След обесването на Васил Левски придружителите му са освободени и се завръщат по домовете си в Ловеч. Ханчето е изоставено и не функционира. В края на 19 век пожар унищожава порутената постройка и остават само основите ѝ. През лятото на 1901 г. проф. д-р Параскев Стоянов, заедно с Никола Цвятков, посещава руините на ханчето и прави архитектурна снимка на основите. Записва разположението и размерите на стаите. На 26 декември 1901 г. ловчанци и къкринци поставят паметна плоча на мястото, където е бил заловен Апостола.', 'На 5 юни 1924 г. в гр. Ловеч е създаден Комитет за възобновяване на къщата-паметник на Васил Левски в с. Къкрина. Инициатор и председател е д-р Никола Сяров. На 11 април 1926 г. е положен основният камък при подобаваща тържественост. Необходимите средства са дарени от Плевенския окръжен съвет, Ловешката градска община и множество частни лица.\r\nХанчето е открито на 10 май 1931 г. в присъствието на множество граждани, войскови подразделения и официални лица. Осветено е от Браницкия епископ Максим. Първи екскурзовод е Петко Цонев. Експозицията има историческа и етнографска стойност.\r\nНа 17 февруари 1997 г. природна стихия събаря вековния бряст – свидетел на залавянето на Васил Левски. Брястът е изправен и консервиран от специалистите на РИМ – Ловеч.', 'Къкринското ханче е обект на Регионален исторически музей в Ловеч, България. В него отсяда Васил Левски и е заловен от турски полицаи (заптиета) сутринта на 27 декември 1872 г.', 31),
	(16, 'пещера "Снежанка"', 24.276531300000000, 42.004224100000000, '9-17h', 'Открита е през 1961 година случайно от пещерняци, които за първи път влезли в нея в 9 часа сутринта и излезли късно вечерта, запленени от красотата ѝ. Дължината ѝ е само 145 м, с постоянна годишна температура 9 градуса. Образувана е от Новомахленската река през епохата на леванта и дооформена през кватернера.\r\nБогата е на сталагмити, сталактити, сталактони, драперии, синтрови езерца. Най-големият сталактит е дълъг 1,27 м. „Снежанка“ се състои от няколко красиви зали: Залата на виметата, Голямата зала, Музикалната зала, свързани със Срутището, над което минава мост. Във Вълшебната зала, покрита със снежнобял кристален синтър, природата е създала фигурка, оприличавана на приказната героиня. Името на пещерата идва от снежнобелия синтър.\r\nВ средата на пещерата има кръгли огнища, до които са намерени предмети от ранножелязната епоха и кости на животни. Траките са я ползвали като убежище от врагове.', 'Разположена в Баташката планина в Родопите и се намира на 5 км от град Пещера. След отклонението от главния път от град Пещера към град Батак, има около 2 км тесен асфалтиран път, по който трудно се разминават два автомобила. По асфалтирания път се стига до паркинг, където може да оставите автомобила си. Пещерата е труднодостъпна (около 25 минути нагоре по стръмна екопътека с дължина 830 метра).', 'Снежанка е името на пещера в Родопите, Община Пещера, България. Името си "Снежанка" пещерата получава заради оприличени пещерни форми наподобяващи приказната героиня.', 33),
	(17, 'Исторически музей (Батак)', 24.216288800000000, 41.942852700000000, '9-17h', 'Музейният информационен център предлага: разходка с беседи в целия музеен комплекс на български, английски и руски език; картички и сувенири, печатни издания на музея и други услуги, свързани с ползването на музейните фондове. Експозицията на музея е представена на площ от 900 m2. Представени са снимков и документален материал, оригинални културни ценности от Античността, Средновековието, Възраждането, Априлското въстание, Руско-турската война от 1877-1878 г., както и следосвобожденския период. В приземния етаж на музея е изградена крипта- паметно място на загиналите жители на Батак в антифашистката съпротива 1941-1944 г.', 'Музеят е научен културен институт, осъществяващ държавната политика по опазването на историческите и културни ценности и развитието на музейното дело в Община Батак. Чрез него се координират всички дейности в общината по издирването, изследването и представянето на културно-историческото наследство и природните ресурси за развитие на културен туризъм.', 'Историческият музей в Батак е създаден през 1956 година. Музейният комплекс обхваща сградата на музея, Балиновата и Шаровата къща.', 35),
	(18, 'Панорама "Плевенска епопея 1877г."', 24.603966900000000, 43.398700700000000, '9-17h', 'В първите 3 години след нейното откриване панорамата е посетена от 2,5 милиона души. Тя е сред почти 200-те паметници, построени от плевенчани в памет на загиналите руснаци, румънци и българи. Включена е в Стоте национални туристически обекта.\r\nИзградена е в района на „Скобелевия парк“, непосредствено до редута „Кованлък“, където по време на 3-та атака от Обсадата на Плевен се водят едни от най-тежките сражения. Автори на проекта са архитектите Иво Петров и Пламена Цачева, заедно с проектантски екип от 14 души.\r\nАвтор на живописната част и главен изпълнител е Николай Овечкин (Военно студио „М. Греков“, Москва). Колектива е от 13 руски и български художници : В.Щербаков, И. Кабанов, А. Чернишов, М. Ананиев, Н. Овечкин, Д. Дончев, В. Есаулов, В. Лемешев, Хр. Бояджиев, Г. Есаулов, В. Таутиев, Ю. Усипенко и А. Троценко.', 'Архитектурното тяло на Панорамата е направено да изглежда повдигнато върху 4 щика, които олицетворяват силата на оръжието, донесло свободата. Щиковете носят 4 хоризонтално разположени пръстена, 3 от които символизират 3-те атаки срещу Плевен, а 4-ят пръстен е декоративно-пластичен фриз символизиращ обсадата на Плевен.\r\nТуристите могат да се изкачат по асансьори на 2 зрителни площадки на покрива на музея, откъдето могат да наблюдават историческите места: „Мъртвата долина“, редутите „Кованлък“ и „Исса ага“, Костницата в „Скобелевия парк“, Радишевските и Гривишките възвишения.\r\nТържественото му откриване е на 10 декември 1977 г., в деня на стогодишнината от освобождението на Плевен.', 'Панорамата "Плевенска епопея 1877 г." е художествен музей в Плевен, построен в чест на 100-годишнината от Освобождението на Плевен от османско владичество.', 37),
	(19, 'Асенова крепост', 24.871235400000000, 41.986697000000000, '9-17h', 'Крепостта е съществувала още по времето на траките, преустроена е от Византия през IX век, за да охранява вратата на Беломорския проход и да осигури византийската граница в този край. Първите писмени сведения за крепостта са от XI век и са получени от устава на тогава построения Бачковски манастир. От тези сведения се вижда, че Асеновата крепост е притежавала собствена охрана и администрация. Превземана е от кръстоносците по времето на Четвъртия кръстоносен поход. Крепостта съществува до 1410 г., разрушена е от нахлуващите османски войски.', 'Наречена е на цар Иван Асен II, който през 1231 г. прави редица поправки по нея с цел заздравяването ѝ. Издълбаният в една скала на крепостта надпис свидетелства за това:\r\n"В лето 6739 (1231) индикт четвърти от бога въздигнатий цар Асен на българи, гърци и други страни постави Алекси Севаста и изгради този град."\r\nТвърдината е сред Стоте национални туристически обекта. Обявена е за национален паметник на културата. Отворена е целогодишно за посещения, има печат.', 'Асеновата крепост, или Петрич, са развалини на средновековна крепост с укрепената църква "Света Богородица Петричка".\r\nНамира се в планината Родопи на 2 км от Асеновград, България.', 39),
	(20, 'Национален дворец на културата', 23.316749700000000, 42.684725100000000, '9-17h', 'На 27 декември 1977 г. Политбюро на ЦК на БКП одобрява идеята за строителството на комплекса и работата започва, дори без готов проект. НДК е построен за по-малко от три години и още преди да е завършен, там се състои XII конгрес на БКП. Сградата официално е открита за 1300-годишнината на българската държава на 31 март 1981 г. Носещата конструкция е стоманена и е проектирана от екип от ВИАС, ръководен от проф. инж. Милчо Брайнов и инж. Богдан Атанасов.\r\nПървата копка е направена на 25 май 1978 г.', 'Архитектурният проект на основната сграда е дело на колектив с ръководител арх. Александър Баров, а оформлението на околното пространство е по идея на колектив начело с арх. Атанас Агура. Главен проектант на парка към НДК е ландшафтният архитект инж. Валентина Атанасова.\r\nНай-голямата зала („Зала 1“) разполага с 3380 места. Сградата е разположена на 123 000 m² площ, разгърната на 8 етажа и 3 подземни нива. НДК е построен върху площ от 18 300 m² и има обем 576 800 m³.', 'Националният дворец на културата, известен и с краткото НДК, е национален културен център за конференции, изложби и специални събития, най-големият конгресен център в Югоизточна Европа. Предназначението на сградата, която разполага с 13 зали и се намира в центъра на София, е да се използва за културни прояви.', 41),
	(21, 'Национален исторически музей', 23.268693200000000, 42.654979800000000, '9-17:30h', 'НИМ е създаден с разпореждане на Бюрото на Министерския съвет на НРБ през 1973 г. Първата експозиция е открита през 1984 г. в сградата на Съдебната палата в София в чест на 1300-годишнината от създаването на българската държава.\r\nПо решение на Министерския съвет от 15.4.1998 г. на музея е предоставен Дом № 1 в държавната резиденция Бояна. Новата експозиция е тържествено открита от министър-председателя Иван Костов на 29 юни 2000 г.', 'Колекциите на НИМ включват над 650 000 паметника на културата в следните периоди и научноизследователски области:\r\n- палеолит, неолит, енеолит;\r\n- бронзова епоха;\r\n- старожелязна и новожелязна епоха;\r\n- римска епоха и късноантична епоха;\r\n- средновековие;\r\n- нумизматика;\r\n- нагръдни и други отличия и награди;\r\n- накити;\r\n- оръжие;\r\n- битови тъкани, шевици, униформи, градско облекло и аксесоари, традиционно облекло;\r\n- други.', 'Националният исторически музей (НИМ) е най-големият музей в България. НИМ е създаден с разпореждане на Бюрото на Министерския съвет на НРБ през 1973 г.', 43),
	(22, 'връх Мусала', 23.551956000000000, 42.198424000000000, '9-17h', 'Мусала се намира в източните дялове на Рила планина, недалеч от известния курорт Боровец и на около 80 км от София. През лятото се посещава от много туристи от целия свят, но най-много от планинари от България и съседните страни. На върха е изградена метеорологична станция на Националния институт по метеорология и хидрология към БАН.', 'Името на върха е останало от времето на Османското владичество. Предишното наименование на върха не е запазено. Според някои схващания сегашното име произлиза от арабското „мусалла“ — „пътят към Бога“ или „място близо до Бога“, „място за молитва“, „молитвен връх“. „Мусалла“ се нарича също камъкът, върху който се полагат покойниците в джамията. Според други виждания произходът на името е от арабското „мусалат“, означаващо „доминиращ“, „господстващ“. От 21 декември 1949 г. до 1962 г. върхът и високопланинската метеорологична наблюдателница се казват Сталин, на името на съветския диктатор Йосиф Сталин.', 'Мусала (с предишно име Сталин — от 14 март 1950 г. до 19 януари 1962 г.) е най-високият планински връх в България и на целия Балкански полуостров. Надморската височина на вр. Мусала е 2925,4 м, измерена от равнището на пристанище Варна. По-висок е с 8 м от връх Митикас в планината Олимп (Гърция) и с 11 м от връх Вихрен в планината Пирин (България).', 45),
	(23, 'Чудните мостове', 24.572585900000000, 41.599270000000000, '9-17h', 'Мостовете са се образували вследствие ерозионната дейност на пълноводната в миналото река, която е преобразувала пукнатините в мраморите в дълбока водна пещера, чийто таван с течение на времето изтънява на места и се срутва. Предполага се, че отломките от срутването са били отнесени впоследствие от водите на реката.\r\nВ резултат на това са останали двата известни мраморни моста. Големият е широк около 15 m в по-широките части, дълъг почти 100 m. Състои се от три арки, като най-голямата е с височина 45 m и ширина 40 m. Малкият мост е на 200 m от големия по течението на реката – непроходим, дълъг 60 m, с обща височина 50 m, а само на арката – 30 m. След него има и съвсем малък трети мост, който представлява понорна пещера, в която водите на Еркюприя изчезват, за да се появят пак на повърхността след 3 km.', 'Местността около двата моста е заета от вековни иглолистни гори, съставени предимно от смърчови дървета. И двата моста са обезопасени и пригодени за туристически цели. Преминаването е позволено и върху, и под тях.\r\nВ близост до скалния феномен се намират множество пещери, но повечето от тях не са годни за посещения от туристи, понеже не са осветени и обезопасени. В близост са и хижите „Чудните мостове“ и „Скалните мостове“, стопанисвани от туристическо дружество „Студенец“ – гр. Чепеларе (възможни места за туризъм и нощувка).\r\nЧудните мостове са сред Стоте национални туристически обекта, Български туристически съюз: номер 85 – връх Голям Перелик, природна забележителност „Чудните мостове“, има печат.', 'Чудните мостове, Скалните мостове (остар.: Еркюприя) са скален феномен, разположен е в карстовата долина на река Еркюприя в Западните Родопи на 1450 m надморска височина, в подножието на връх Голям Персенк.', 47),
	(24, 'Пещера "Дяволско гърло"', 24.377163800000000, 41.614141600000000, '9-17h', 'Първият опит за проникване в пещерата е направен през 1962 г. от Радостин Чомаков, Никола Корчев и Елена Пъдарева. Тримата алпинисти достигат до Голямата зала на пропастта, след което правят опит да продължат надолу по пътя на реката. Недостигът на екипировка, както и липсата на опит осуетяват по-нататъшното проникване в пропастта.\r\nДяволското гърло е пропастна пещера, която е формирана вследствие на пропадането на земните пластове. Основната ѝ част е заета от голяма зала, в която се намира най-високият подземен водопад на Балканския полуостров.\r\nПещерата се е получила от река, падаща под земята от 42 m височина, образувайки огромна зала, наречена „Бучащата зала“. Дължината ѝ е 110 m, ширината – 40 m, а височината ѝ достига до 35 m. Това е най-голямата зала в българските пещери след входната зала на Деветашката пещера – в нея може да се побере напр. катедралата „Св. Александър Невски“. В пещерата се влиза през изкуствена галерия с дължина 150 m, през която се достига до основата на водното течение. Оттук 301 стъпала нагоре извеждат покрай подземния водопад през стария вход до повърхността. На близо 400 m от входа на „Дяволското гърло“ водите на подземнотечащата река се губят в сифон-галерия. Дължината на сифона е повече от 150 m, а след него по 60-метрова галерия подземната река напуска пещерата и излиза отново на повърхността през пещера.', 'В България се радваме на 33 от срещащите се в Европа 35 вида прилепи. Всички те са строго защитени от Закона за биологичното разнообразие на територията на цялата страна.', 'Дяволското гърло е пещера, разположена на 1,5 km северно от село Триград в Триградското ждрело в Родопите, община Девин. Името на пещерата идва от формата на бившия вход (сега – изход), наподобяващ дяволска глава.\r\n', 49),
	(25, 'Нац. парк-музей "Шипка–Бузлуджа"', 25.327447600000000, 42.711010200000000, '9-18h', 'Обхваща монументални обекти и паркови територии в Община Казанлък - в град Шипка, в село Шейново и в Шипченската планина:\r\n- Парк-музей „Шипка“ с Паметник на свободата на връх Шипка (Столетов, Свети Никола);\r\n- Храм-паметник „Рождество Христово“ в Шипченския манастир, гр. Шипка;\r\n- Паметник на победата край село Шейново;\r\n- Парк-музей „Бузлуджа“ с Паметник на Бузлуджа на връх Хаджи Димитър (Бузлуджа).', 'Манастирският храм-паметник „Рождество Христово“ и Парк-музей „Шипка“ са включени в списъка на Стоте национални туристически обекта на Българския туристически съюз под № 92 и № 93 съответно.\r\nПарк-музей „Бузлуджа“ е изграден около Паметника на Бузлуджа, посветен на Бузлуджанския учредителен конгрес на БСДП (1891).\r\nОстаналите мемориали отдават почит на Шипченската битка (с 3 сражения край вр. Шипка и съпътстващи при Шипка-Шейново) за контрол на Шипченския проход през периода юли-септември 1877 г. по време на Руско-турската война (1877-1878).', 'Националният парк-музей "Шипка – Бузлуджа" е мемориален комплекс, музей на открито в Средна Стара планина.\r\nОбхваща монументални обекти и паркови територии в Община Казанлък - в град Шипка, в село Шейново и в Шипченската планина.', 51);
/*!40000 ALTER TABLE `destinations` ENABLE KEYS */;


-- Dumping structure for table traveldb.photos
CREATE TABLE IF NOT EXISTS `photos` (
  `id` int(11) NOT NULL AUTO_INCREMENT,
  `destination_id` int(11) NOT NULL,
  `filename` varchar(240) COLLATE utf8_unicode_ci NOT NULL,
  PRIMARY KEY (`id`),
  KEY `destination_id` (`destination_id`)
) ENGINE=InnoDB AUTO_INCREMENT=62 DEFAULT CHARSET=utf8 COLLATE=utf8_unicode_ci;

-- Dumping data for table traveldb.photos: ~55 rows (approximately)
/*!40000 ALTER TABLE `photos` DISABLE KEYS */;
INSERT INTO `photos` (`id`, `destination_id`, `filename`) VALUES
	(1, 1, '1.MuzeiNaVapcarov.jpg'),
	(2, 1, '1.MuzeiNaVapcarov1.jpg'),
	(3, 2, '2.vruhVihren.jpg'),
	(4, 2, '2.vruhVihren1.jpg'),
	(5, 3, '3.curkvaDobursko.jpg'),
	(6, 3, '3.curkvaDobursko1.jpg'),
	(9, 4, '4.kushtaKordopulova.jpg'),
	(10, 4, '4.kushtaKordopulova1.jpg'),
	(11, 5, '5.Rupite.jpg'),
	(12, 5, '5.Rupite1.jpg'),
	(13, 6, '6.SamuilovaKrepost.jpg'),
	(14, 6, '6.SamuilovaKrepost1.jpg'),
	(15, 7, '7.ArheologicheskiMuzei1.jpg'),
	(16, 7, '7.ArheologicheskiMuzei.jpg'),
	(17, 8, '8.VarnenskiArheologicheskiMuzei1.jpg'),
	(18, 8, '8.VarnenskiArheologicheskiMuzei.jpg'),
	(19, 9, '9.Carevec.jpg'),
	(20, 9, '9.Carevec1.jpg'),
	(21, 10, '10.Magurata1.jpg'),
	(22, 10, '10.Magurata.jpg'),
	(23, 11, '11.BelogradchishkiSkali.jpg'),
	(24, 11, '11.BelogradchishkiSkali1.jpg'),
	(25, 12, '12.Ledenika.jpg'),
	(26, 12, '12.Ledenika1.jpg'),
	(27, 13, '13.RilskiManastir.jpg'),
	(28, 13, '13.RilskiManastir1.jpg'),
	(29, 14, '14.SedemteRilskiEzera.jpg'),
	(30, 14, '14.SedemteRilskiEzera1.jpg'),
	(31, 15, '15.KukrinskotoHanche.jpg'),
	(32, 15, '15.KukrinskotoHanche1.jpg'),
	(33, 16, '16.Snejanka.jpg'),
	(34, 16, '16.Snejanka1.jpg'),
	(35, 17, '17.IstoricheskiMuzeiBatak.jpg'),
	(36, 17, '17.IstoricheskiMuzeiBatak1.jpg'),
	(37, 18, '18.PlevenskaPanorama.jpg'),
	(38, 18, '18.PlevenskaPanorama1.jpg'),
	(39, 19, '19.AsenovaKrepost.jpg'),
	(40, 19, '19.AsenovaKrepost1.jpg'),
	(41, 20, '20.NDK.jpg'),
	(42, 20, '20.NDK1.jpg'),
	(43, 21, '21.NacIstoricheskiMuzei.jpg'),
	(44, 21, '21.NacIstoricheskiMuzei1.jpg'),
	(45, 22, '22.vruhMusala1.jpg'),
	(46, 22, '22.vruhMusala.jpg'),
	(47, 23, '23.ChudniteMostove1.jpg'),
	(48, 23, '23.ChudniteMostove.jpg'),
	(49, 24, '24.PesheraDqvolskoGurlo.jpg'),
	(50, 24, '24.PesheraDqvolskoGurlo1.jpg'),
	(51, 25, '25.Shipka.jpg'),
	(52, 25, '25.Shipka1.jpg');
/*!40000 ALTER TABLE `photos` ENABLE KEYS */;


-- Dumping structure for table traveldb.users
CREATE TABLE IF NOT EXISTS `users` (
  `id` int(11) NOT NULL AUTO_INCREMENT,
  `username` varchar(240) NOT NULL,
  `password` varchar(240) NOT NULL,
  `isadmin` tinyint(1) NOT NULL,
  `email` varchar(240) NOT NULL,
  `salt` varchar(240) NOT NULL,
  PRIMARY KEY (`id`),
  UNIQUE KEY `username` (`username`)
) ENGINE=InnoDB AUTO_INCREMENT=33 DEFAULT CHARSET=latin1;

-- Dumping data for table traveldb.users: ~14 rows (approximately)
/*!40000 ALTER TABLE `users` DISABLE KEYS */;
INSERT INTO `users` (`id`, `username`, `password`, `isadmin`, `email`, `salt`) VALUES
	(1, 'ivan', '4e4b3591c05a47f163c872b4f348022be9254b2fa2f54e167930cfbab2025e93', 0, 'ivan@abv.bg', '1asx8n0skgioog8swksw4'),
	(3, 'nadezhda', 'dd2219e95a63ab506bad179d68d824f6ca4cb31c47a3ae3134995f60812ed63c', 1, 'nadejdadunkina@abv.bg', '6i5be9u02csok48skowsk'),
	(4, 'nasko', '3794460be641b83b0a891514c7fa63d13f8555b02f9eeecf30e58da81cbd9f8a', 0, 'nasko@gmail.com', 'jbdp8golisgkc48kcskw'),
	(6, 'dani', 'db41f2ca21b03da1ad9f2c9555b815daf90ba1fdfb1f03bad9a6df3d24aee455', 0, 'dani23@gmail.com', '6h6toap4q60wkk80wkco0'),
	(7, 'maria', '9598ee5d1cad846238524a50bc3cc7683c4ba848f502f995bf24dfc88580476f', 0, 'maria93@gmail.com', '6e2ojeu4q3gg0kk4so00k'),
	(8, 'stoqn', '4d5d39718e1c13e8a7da1e130b439aac99b26ffd08106f229207d1a4ee53a651', 0, 'stoqn94@abv.bg', '61crqllj3kkc4kw88ks04'),
	(9, 'petyr', '98da39a6da6ac4683150002bd0c0cc42e7b93b4d77f808291207d88ba565adc9', 0, 'petyrd@gmail.com', 'bf0onz2rp544kw0gogk0'),
	(10, 'valentin', 'a1e68944e9e52bb20446992d9fc0ec5c5d30f4f4a218343922cb387533d6ae26', 0, 'valentin86@gmail.com', '266lhbwm3o2ooso0gww0g'),
	(11, 'simona', 'acc1ad89728e2e8b48df5c2cbad3fbf609ca6f283963a611dfd1e36d82df8501', 0, 'simonap@abv.bg', '262jxa6v3yrk4s84okwcs'),
	(16, 'milena', '3099e38192c5a4731fcc557f87eeab126e8af5662e00b86a2653e7ca28967e0a', 0, 'milenal@abv.bg', '49l0dfhlwksgwoo88kk04'),
	(28, 'peter', '9ca34c3e9b1d97d721e60c169a8081af595c8d19a2df3036b8c02ff9c0f958d1', 0, 'peter@gmail.com', 'kbwbwdw54h88o00wgwsk'),
	(29, 'ivanpetrov', '94602e2f0188e236eae26d63d97449375ef98f530e327a90638a66eefcbf776f', 0, 'ivanp@gmail.com', '7haw9mm39k00so0g4cck4'),
	(30, 'yavor', 'd1218c8866611214a914f980ba9c507bd2ce14bbef3c1e6b71b0490c7b498abe', 0, 'yavor@abv.bg', 'k6e8usolqo044w8ogk40'),
	(31, 'ivanivanov', '2a087a81fc8248144c62666c03e1ec4635c35bf3da21c8b4e5027e00d8276a35', 0, 'ivaniv@abv.bg', '2vhn2yaly0owk408ws44o'),
	(32, 'valio', '1ec95212a204308327219b01c9fce36f02bd9bc0f80c8172df83a9cd21a3bd01', 0, 'valiog@abv.bg', '2zr9yr6k1c4k84sg84gkw');
/*!40000 ALTER TABLE `users` ENABLE KEYS */;
/*!40101 SET SQL_MODE=IFNULL(@OLD_SQL_MODE, '') */;
/*!40014 SET FOREIGN_KEY_CHECKS=IF(@OLD_FOREIGN_KEY_CHECKS IS NULL, 1, @OLD_FOREIGN_KEY_CHECKS) */;
/*!40101 SET CHARACTER_SET_CLIENT=@OLD_CHARACTER_SET_CLIENT */;
